{"stats":{"minecraft:crafted":{"minecraft:oak_planks":44,"minecraft:stone_shovel":1,"minecraft:crafting_table":3,"minecraft:wooden_pickaxe":1,"minecraft:iron_helmet":1,"minecraft:furnace":1,"minecraft:stone_axe":1,"minecraft:air":0,"minecraft:cooked_mutton":4,"minecraft:iron_axe":1,"minecraft:stick":12,"minecraft:stone_pickaxe":1,"minecraft:wooden_axe":1,"minecraft:white_bed":1},"minecraft:custom":{"lootr:looted_stat":18,"minecraft:interact_with_furnace":8,"minecraft:mob_kills":19,"minecraft:interact_with_crafting_table":12,"minecraft:eat_cake_slice":2,"minecraft:leave_game":11,"minecraft:time_since_death":0,"minecraft:sleep_in_bed":1,"minecraft:time_since_rest":102,"minecraft:sprint_one_cm":128052,"minecraft:damage_absorbed":40,"minecraft:damage_taken":1613,"minecraft:walk_one_cm":102600,"minecraft:trigger_trapped_chest":4,"minecraft:drop":12,"minecraft:damage_dealt":3660,"minecraft:swim_one_cm":6761,"minecraft:fly_one_cm":125723,"minecraft:crouch_one_cm":2082,"minecraft:play_time":40589,"tombstone:undead_killed":8,"minecraft:deaths":3,"minecraft:sneak_time":1076,"minecraft:walk_under_water_one_cm":6748,"minecraft:jump":650,"minecraft:walk_on_water_one_cm":3903,"minecraft:total_world_time":40589,"minecraft:fall_one_cm":12392},"minecraft:killed_by":{"minecraft:zombie":2,"iceandfire:ghost":1},"minecraft:dropped":{"minecraft:wheat_seeds":1,"minecraft:golden_helmet":1,"minecraft:stone_shovel":1,"minecraft:leather_helmet":1,"minecraft:chainmail_chestplate":1,"minecraft:dirt":10,"minecraft:leather_chestplate":1,"tombstone:grave_key":1,"minecraft:wooden_axe":1,"minecraft:oak_sapling":2,"minecraft:chainmail_boots":1,"minecraft:wooden_pickaxe":1},"minecraft:picked_up":{"minecraft:crafting_table":3,"minecraft:leather_leggings":1,"minecraft:oak_log":24,"tombstone:grave_key":1,"minecraft:dirt":10,"minecraft:string":9,"minecraft:bone":1,"minecraft:stone_bricks":1,"minecraft:cracked_stone_bricks":2,"minecraft:wheat_seeds":1,"mysticalagriculture:inferium_essence":3,"minecraft:oak_planks":14,"minecraft:egg":1,"minecraft:furnace":1,"minecraft:stick":2,"minecraft:torch":2,"minecraft:white_bed":2,"minecraft:spider_eye":4,"minecraft:arrow":2,"quark:hollow_birch_log":1,"minecraft:oak_sapling":2,"minecraft:mutton":4,"minecraft:iron_bars":8,"minecraft:white_wool":3,"minecraft:cobblestone":29},"minecraft:broken":{"minecraft:stone_axe":1},"minecraft:killed":{"minecraft:spider":8,"minecraft:sheep":3,"minecraft:zombie":3,"iceandfire:ghost":4,"minecraft:stray":1},"minecraft:mined":{"minecraft:white_bed":2,"minecraft:crafting_table":3,"minecraft:grass_block":4,"minecraft:tall_grass":1,"minecraft:wall_torch":2,"minecraft:spawner":7,"quark:hollow_birch_log":1,"minecraft:furnace":1,"minecraft:grass":3,"minecraft:oak_log":24,"minecraft:vine":1,"minecraft:iron_bars":8,"minecraft:dirt":7,"minecraft:cracked_stone_bricks":2,"minecraft:stone":29,"minecraft:stone_bricks":1,"minecraft:oak_leaves":18},"minecraft:used":{"minecraft:cooked_mutton":4,"minecraft:stone_shovel":9,"minecraft:stone_pickaxe":45,"quark:hollow_birch_log":1,"minecraft:wooden_pickaxe":7,"minecraft:iron_chestplate":1,"minecraft:torch":25,"minecraft:golden_apple":1,"minecraft:crafting_table":5,"minecraft:carrot":6,"minecraft:white_bed":2,"minecraft:wooden_axe":11,"minecraft:apple":6,"minecraft:melon_slice":2,"minecraft:stone_axe":80,"minecraft:cobblestone":3,"minecraft:chainmail_boots":1,"minecraft:furnace":1,"alexsmobs:animal_dictionary":3,"minecraft:egg":1,"minecraft:cooked_beef":2}},"DataVersion":3465}