{"stats":{"minecraft:custom":{"minecraft:time_since_rest":333,"minecraft:crouch_one_cm":1113,"minecraft:play_time":8017,"minecraft:sprint_one_cm":17092,"minecraft:damage_taken":105,"minecraft:walk_one_cm":8240,"minecraft:sneak_time":464,"minecraft:walk_under_water_one_cm":1723,"minecraft:mob_kills":3,"minecraft:drop":1,"minecraft:jump":183,"minecraft:damage_dealt":365,"minecraft:leave_game":1,"minecraft:time_since_death":8017,"minecraft:walk_on_water_one_cm":823,"minecraft:sleep_in_bed":1,"minecraft:total_world_time":8017,"minecraft:swim_one_cm":3110,"minecraft:interact_with_crafting_table":3,"minecraft:fall_one_cm":7758,"minecraft:fly_one_cm":39450},"minecraft:dropped":{"minecraft:wheat_seeds":1},"minecraft:used":{"minecraft:wooden_axe":4,"minecraft:crafting_table":2,"minecraft:white_bed":1,"minecraft:egg":1},"minecraft:killed":{"minecraft:sheep":3},"minecraft:mined":{"minecraft:grass":2,"minecraft:oak_log":5,"minecraft:white_bed":1,"minecraft:oak_leaves":10},"minecraft:picked_up":{"minecraft:wheat_seeds":1,"minecraft:oak_log":5,"minecraft:white_bed":1,"minecraft:mutton":4,"minecraft:white_wool":3,"minecraft:egg":1},"minecraft:crafted":{"minecraft:white_bed":1,"minecraft:oak_planks":20,"minecraft:crafting_table":2,"minecraft:stick":4,"minecraft:wooden_axe":1}},"DataVersion":3465}