{"stats":{"minecraft:crafted":{"minecraft:oak_planks":40,"minecraft:crafting_table":1,"minecraft:stick":4,"quark:oak_chest":3,"minecraft:wooden_pickaxe":1,"minecraft:wooden_axe":1},"minecraft:custom":{"minecraft:time_since_rest":18847,"minecraft:sprint_one_cm":89104,"minecraft:interact_with_furnace":5,"lootr:looted_stat":13,"minecraft:damage_taken":1448,"minecraft:walk_one_cm":199339,"minecraft:damage_blocked_by_shield":660,"minecraft:mob_kills":5,"minecraft:drop":2,"minecraft:damage_dealt":919,"minecraft:interact_with_crafting_table":4,"minecraft:swim_one_cm":10605,"minecraft:fly_one_cm":39406,"minecraft:open_chest":1,"minecraft:crouch_one_cm":54,"minecraft:play_time":52125,"tombstone:undead_killed":3,"minecraft:deaths":4,"minecraft:sneak_time":486,"minecraft:walk_under_water_one_cm":1201,"minecraft:jump":504,"minecraft:eat_cake_slice":2,"minecraft:leave_game":3,"minecraft:walk_on_water_one_cm":7270,"minecraft:time_since_death":20370,"minecraft:total_world_time":52125,"minecraft:fall_one_cm":5160},"minecraft:dropped":{"minecraft:wooden_axe":1,"minecraft:iron_pickaxe":1},"minecraft:killed_by":{"iceandfire:ghost":1,"minecraft:skeleton":1,"minecraft:zombie":2},"minecraft:picked_up":{"minecraft:wooden_axe":1,"minecraft:raw_iron":14,"minecraft:leather_chestplate":1,"minecraft:crafting_table":1,"minecraft:chainmail_boots":1,"minecraft:torch":1,"minecraft:oak_log":10,"minecraft:chainmail_chestplate":1,"minecraft:string":3,"minecraft:spider_eye":1,"minecraft:leather_helmet":1,"minecraft:bone":2,"minecraft:rotten_flesh":5,"minecraft:bow":1,"mysticalagriculture:inferium_essence":1,"alltheores:raw_aluminum":26,"minecraft:iron_pickaxe":1,"minecraft:coal":7,"minecraft:cobblestone":8,"minecraft:egg":1},"minecraft:killed":{"minecraft:skeleton":1,"minecraft:zombie":2,"minecraft:spider":2},"minecraft:mined":{"minecraft:iron_ore":14,"minecraft:moss_carpet":1,"minecraft:crafting_table":1,"minecraft:grass":4,"minecraft:coal_ore":8,"minecraft:oak_log":10,"alltheores:aluminum_ore":26,"minecraft:stone":8,"minecraft:oak_leaves":6,"minecraft:wall_torch":1},"minecraft:used":{"minecraft:wooden_axe":1,"minecraft:iron_pickaxe":56,"minecraft:shield":7,"minecraft:iron_sword":19,"evilcraft:flesh_humanoid":1,"minecraft:torch":26,"minecraft:cobblestone":3,"minecraft:crafting_table":1,"quark:oak_chest":3,"tombstone:gift":2,"alexsmobs:animal_dictionary":2,"minecraft:egg":1,"minecraft:cooked_beef":4,"minecraft:golden_chestplate":1}},"DataVersion":3465}