{
  "iceandfire:iceandfire/root": {
    "criteria": {
      "tick": "2024-05-27 20:27:02 +0000"
    },
    "done": true
  },
  "ars_nouveau:root": {
    "criteria": {
      "ars_nouveau:worn_notebook": "2024-05-27 20:27:02 +0000"
    },
    "done": true
  },
  "create:root": {
    "criteria": {
      "0": "2024-05-27 20:27:02 +0000"
    },
    "done": true
  },
  "ironfurnaces:coal": {
    "criteria": {
      "rainbowcoal": "2024-05-27 20:27:02 +0000"
    },
    "done": true
  },
  "mekanism:root": {
    "criteria": {
      "automatic": "2024-05-27 20:27:02 +0000"
    },
    "done": true
  },
  "lootr:root": {
    "criteria": {
      "always_true": "2024-05-27 20:27:02 +0000"
    },
    "done": true
  },
  "minecraft:adventure/adventuring_time": {
    "criteria": {
      "minecraft:river": "2024-05-27 20:28:14 +0000",
      "minecraft:forest": "2024-05-27 20:27:05 +0000",
      "minecraft:plains": "2024-05-27 20:28:19 +0000"
    },
    "done": false
  },
  "tombstone:adventure/root": {
    "criteria": {
      "auto": "2024-05-27 20:27:05 +0000"
    },
    "done": true
  },
  "minecraft:adventure/root": {
    "criteria": {
      "killed_something": "2024-05-27 20:31:36 +0000"
    },
    "done": true
  },
  "minecraft:story/root": {
    "criteria": {
      "crafting_table": "2024-05-27 20:31:45 +0000"
    },
    "done": true
  },
  "minecraft:adventure/sleep_in_bed": {
    "criteria": {
      "slept_in_bed": "2024-05-27 20:33:29 +0000"
    },
    "done": true
  },
  "DataVersion": 3465
}